Rk;Player;Nation;Pos;Squad;Comp;Age;Born;MP;Starts;Min;90s;GA;GA90;SoTA;Saves;Save%;W;D;L;CS;CS%;PKatt;PKA;PKsv;PKm;Save%;Matches
1;Julen Agirrezabala;es ESP;GK;Valencia;es La Liga;25-111;2000;18;18;1,620;18;30;1.67;79;52;65.8;3;7;8;4;22.2;4;3;1;0;25;Matches
2;Alisson;br BRA;GK;Liverpool;eng Premier League;33-196;1992;25;25;2,250;25;30;1.2;84;56;66.7;13;7;5;8;32;2;2;0;0;0;Matches
3;Nícolas Andrade;br BRA;GK;Pisa;it Serie A;38-004;1988;6;6;540;6;14;2.33;26;12;46.2;1;0;5;0;0;1;0;0;1;;Matches
4;Alphonse Areola;fr FRA;GK;West Ham United;eng Premier League;33-048;1993;20;20;1,800;20;37;1.85;108;76;70.4;4;5;11;0;0;6;5;0;1;0;Matches
5;Paul Argney;fr FRA;GK;Le Havre;fr Ligue 1;19-328;2006;1;1;90;1;1;1;3;2;66.7;1;0;0;0;0;0;0;0;0;;Matches
6;Noah Atubolu;de GER;GK;Freiburg;de Bundesliga;23-326;2002;29;29;2,610;29;47;1.62;134;88;64.9;11;7;11;6;20.7;1;0;1;0;100;Matches
7;Emil Audero;id IDN;GK;Cremonese;it Serie A;29-088;1997;28;28;2,520;28;40;1.43;148;112;75;6;6;16;8;28.6;4;3;1;0;25;Matches
8;Mio Backhaus;de GER;GK;Werder Bremen;de Bundesliga;22-000;2004;27;27;2,430;27;48;1.78;124;81;65.3;6;7;14;5;18.5;5;5;0;0;0;Matches
9;Augusto Batalla;ar ARG;GK;Rayo Vallecano;es La Liga;29-351;1996;30;30;2,700;30;35;1.17;112;82;73.2;8;11;11;9;30;5;5;0;0;0;Matches
10;Daniel Batz;de GER;GK;Mainz 05;de Bundesliga;35-094;1991;17;17;1,530;17;21;1.24;79;59;74.7;7;6;4;3;17.6;1;1;0;0;0;Matches
11;Oliver Baumann;de GER;GK;Hoffenheim;de Bundesliga;35-318;1990;29;29;2,610;29;43;1.48;126;87;69;15;6;8;6;20.7;6;4;0;2;0;Matches
12;Altay Bay?nd?r;tr TUR;GK;Manchester Utd;eng Premier League;28-002;1998;6;6;540;6;11;1.83;24;13;54.2;2;1;3;0;0;0;0;0;0;;Matches
13;Walter Benítez;ar ARG;GK;Crystal Palace;eng Premier League;33-087;1993;1;1;90;1;0;0;3;3;100;0;1;0;1;100;1;0;0;1;;Matches
14;Lucas Bergström;fi FIN;GK;Mallorca;es La Liga;23-223;2002;5;5;450;5;7;1.4;22;15;68.2;1;2;2;2;40;0;0;0;0;;Matches
15;Justin Bijlow;nl NED;GK;Genoa;it Serie A;28-084;1998;11;11;990;11;16;1.45;43;31;72.1;5;1;5;3;27.3;4;4;0;0;0;Matches
16;Marco Bizot;nl NED;GK;Aston Villa;eng Premier League;35-037;1991;6;5;495;5.5;9;1.64;25;17;68;2;2;1;2;40;1;1;0;0;0;Matches
17;Janis Blaswich;de GER;GK;Leverkusen;de Bundesliga;34-349;1991;10;9;841;9.3;8;0.86;41;33;80.5;4;4;1;3;33.3;0;0;0;0;;Matches
18;Arnaud Bodart;be BEL;GK;Lille;fr Ligue 1;28-036;1998;3;2;226;2.5;3;1.19;6;4;66.7;0;0;2;0;0;1;1;0;0;0;Matches
19;Jean Butez;fr FRA;GK;Como;it Serie A;30-312;1995;32;32;2,880;32;26;0.81;99;77;77.8;16;10;6;15;46.9;5;4;1;0;20;Matches
20;Elia Caprile;it ITA;GK;Cagliari;it Serie A;24-234;2001;32;32;2,880;32;44;1.37;146;103;71.2;8;9;15;7;21.9;2;2;0;0;0;Matches
21;Dani Cárdenas;es ESP;GK;Rayo Vallecano;es La Liga;29-019;1997;1;1;90;1;3;3;4;1;25;0;0;1;0;0;0;0;0;0;;Matches
22;Patrik Carlgren;se SWE;GK;Nantes;fr Ligue 1;34-098;1992;2;1;92;1;2;1.96;5;3;60;0;1;0;0;0;0;0;0;0;;Matches
23;Marco Carnesecchi;it ITA;GK;Atalanta;it Serie A;25-289;2000;32;32;2,880;32;28;0.87;115;89;76.5;14;11;7;12;37.5;3;1;2;0;66.7;Matches
24;Lucas Chevalier;fr FRA;GK;Paris Saint-Germain;fr Ligue 1;24-161;2001;17;17;1,530;17;13;0.76;43;32;72.1;12;3;2;9;52.9;3;1;1;1;50;Matches
25;Edoardo Corvi;it ITA;GK;Parma;it Serie A;25-024;2001;16;16;1,440;16;18;1.13;59;43;74.6;7;4;5;6;37.5;3;3;0;0;0;Matches
26;Grégoire Coudert;fr FRA;GK;Brest;fr Ligue 1;27-013;1999;19;18;1,652;18.4;28;1.53;81;57;69.1;9;2;7;6;33.3;4;3;1;0;25;Matches
27;Thibaut Courtois;be BEL;GK;Real Madrid;es La Liga;33-340;1992;28;28;2,520;28;24;0.86;78;58;74.4;21;3;4;11;39.3;4;4;0;0;0;Matches
28;Pablo Cuñat;es ESP;GK;Levante;es La Liga;23-353;2002;2;2;180;2;5;2.5;16;11;68.8;0;0;2;0;0;0;0;0;0;;Matches
29;Finn Dahmen;de GER;GK;Augsburg;de Bundesliga;28-020;1998;29;29;2,610;29;53;1.83;125;79;62.4;9;6;14;5;17.2;7;6;1;0;14.3;Matches
30;Karl Darlow;wls WAL;GK;Leeds United;eng Premier League;35-190;1990;16;16;1,440;16;20;1.25;60;42;70;4;6;6;3;18.8;2;2;0;0;0;Matches
31;Jeffrey De Lange;nl NED;GK;Marseille;fr Ligue 1;28-015;1998;4;4;360;4;8;2;19;11;57.9;3;0;1;1;25;0;0;0;0;;Matches
32;Théo De Percin;mq MTQ;GK;Auxerre;fr Ligue 1;25-073;2001;5;3;399;4.4;5;1.13;16;11;68.8;0;1;2;1;33.3;0;0;0;0;;Matches
33;Rémy Descamps;fr FRA;GK;Lyon;fr Ligue 1;29-295;1996;5;5;450;5;3;0.6;17;14;82.4;3;1;1;4;80;0;0;0;0;;Matches
34;Michele Di Gregorio;it ITA;GK;Juventus;it Serie A;28-263;1997;25;24;2,205;24.5;22;0.9;73;52;71.2;13;7;4;11;45.8;3;1;0;2;0;Matches
35;Mory Diaw;sn SEN;GK;Le Havre;fr Ligue 1;32-298;1993;25;25;2,205;24.5;34;1.39;92;63;67.4;5;9;11;6;24;5;4;1;0;20;Matches
36;Stole Dimitrievski;mk MKD;GK;Valencia;es La Liga;32-112;1993;13;13;1,170;13;16;1.23;43;30;69.8;6;1;6;4;30.8;3;3;0;0;0;Matches
37;Yehvann Diouf;sn SEN;GK;Nice;fr Ligue 1;26-151;1999;21;21;1,890;21;41;1.95;110;75;67.3;6;3;12;3;14.3;7;5;1;1;16.7;Matches
38;Matías Dituro;ar ARG;GK;Elche;es La Liga;38-343;1987;15;15;1,350;15;19;1.27;64;48;75;4;7;4;3;20;4;3;0;1;0;Matches
39;Marko Dmitrovi?;rs SRB;GK;Espanyol;es La Liga;34-082;1992;31;31;2,790;31;48;1.55;150;107;71.3;10;8;13;8;25.8;5;5;0;0;0;Matches
40;Gianluigi Donnarumma;it ITA;GK;Manchester City;eng Premier League;27-050;1999;28;28;2,520;28;24;0.86;89;64;73;18;7;3;12;42.9;1;0;1;0;100;Matches
41;Martin Dúbravka;sk SVK;GK;Burnley;eng Premier League;37-091;1989;32;32;2,880;32;63;1.97;171;114;66.7;4;8;20;4;12.5;7;6;0;1;0;Matches
42;Maxime Dupé;fr FRA;GK;Nice;fr Ligue 1;33-043;1993;8;8;720;8;15;1.87;32;20;62.5;1;4;3;1;12.5;3;3;0;0;0;Matches
43;Melker Ellborg;se SWE;GK;Sunderland;eng Premier League;22-329;2003;3;3;270;3;2;0.67;12;10;83.3;2;0;1;1;33.3;0;0;0;0;;Matches
44;Aarón Escandell;es ESP;GK;Oviedo;es La Liga;30-201;1995;31;31;2,790;31;48;1.55;172;130;74.4;6;9;16;9;29;6;4;2;0;33.3;Matches
45;Wladimiro Falcone;it ITA;GK;Lecce;it Serie A;31-004;1995;32;32;2,880;32;45;1.41;126;87;67.5;7;6;19;8;25;6;4;2;0;33.3;Matches
46;Frank Feller;de GER;GK;Heidenheim;de Bundesliga;22-099;2004;1;1;90;1;2;2;6;4;66.7;0;0;1;0;0;0;0;0;0;;Matches
47;Jonathan Fischer;dk DEN;GK;Metz;fr Ligue 1;24-158;2001;26;25;2,264;25.2;56;2.23;137;88;63.5;3;4;18;4;16;7;6;1;0;14.3;Matches
48;Mark Flekken;nl NED;GK;Leverkusen;de Bundesliga;32-307;1993;20;20;1,769;19.7;31;1.58;89;63;70.8;11;3;6;5;25;5;5;0;0;0;Matches
49;Joan García;es ESP;GK;Barcelona;es La Liga;24-347;2001;25;25;2,250;25;19;0.76;83;66;79.5;22;1;2;12;48;2;2;0;0;0;Matches
50;Paulo Gazzaniga;ar ARG;GK;Girona;es La Liga;34-104;1992;28;28;2,472;27.5;37;1.35;137;104;75.9;9;10;9;6;21.4;5;4;0;1;0;Matches
51;David de Gea;es ESP;GK;Fiorentina;it Serie A;35-160;1990;32;32;2,880;32;44;1.37;139;101;71.9;8;11;13;7;21.9;6;5;1;0;16.7;Matches
52;Kamil Grabara;pl POL;GK;Wolfsburg;de Bundesliga;27-098;1999;29;29;2,610;29;65;2.24;156;101;62.8;5;6;18;1;3.4;11;7;3;1;30;Matches
53;Dominik Greif;sk SVK;GK;Lyon;fr Ligue 1;29-010;1997;24;24;2,160;24;26;1.08;89;66;73;12;5;7;11;45.8;4;2;2;0;50;Matches
54;Péter Gulácsi;hu HUN;GK;RB Leipzig;de Bundesliga;35-345;1990;22;22;1,918;21.3;28;1.31;78;51;66.7;12;4;6;9;40.9;2;2;0;0;0;Matches
55;Angus Gunn;sct SCO;GK;Nottingham Forest;eng Premier League;30-084;1996;1;0;45;0.5;0;0;0;0;;0;0;0;0;;0;0;0;0;;Matches
56;Kjetil Haug;no NOR;GK;Toulouse;fr Ligue 1;27-308;1998;1;0;31;0.3;1;2.9;2;1;50;0;0;0;0;;0;0;0;0;;Matches
57;Dean Henderson;eng ENG;GK;Crystal Palace;eng Premier League;29-035;1997;30;30;2,700;30;36;1.2;118;86;72.9;11;8;11;10;33.3;5;4;1;0;20;Matches
58;Mads Hermansen;dk DEN;GK;West Ham United;eng Premier League;25-279;2000;12;12;1,080;12;20;1.67;60;39;66.7;4;3;5;5;41.7;0;0;0;0;;Matches
59;Sergio Herrera;es ESP;GK;Osasuna;es La Liga;32-315;1993;31;31;2,790;31;38;1.23;133;103;77.4;10;9;12;7;22.6;8;8;0;0;0;Matches
60;Daniel Heuer Fernandes;pt POR;GK;Hamburger SV;de Bundesliga;33-154;1992;29;29;2,610;29;45;1.55;126;89;69;7;10;12;6;20.7;10;6;2;2;25;Matches
61;Lukáš Hrádecký;fi FIN;GK;Monaco;fr Ligue 1;36-143;1989;12;12;989;11;16;1.46;47;33;70.2;6;0;6;2;16.7;3;2;0;1;0;Matches
62;Franco Israel;uy URU;GK;Torino;it Serie A;25-359;2000;9;9;810;9;18;2;40;24;60;2;2;5;3;33.3;2;2;0;0;0;Matches
63;Karl Jakob Hein;ee EST;GK;Werder Bremen;de Bundesliga;24-003;2002;2;2;180;2;4;2;14;11;78.6;1;0;1;1;50;1;1;0;0;0;Matches
64;John;br BRA;GK;Nottingham Forest;eng Premier League;30-062;1996;5;5;437;4.9;8;1.65;13;6;46.2;1;0;4;1;20;1;1;0;0;0;Matches
65;Karl-Johan Johnsson;se SWE;GK;Strasbourg;fr Ligue 1;36-078;1990;1;1;90;1;0;0;2;2;100;1;0;0;1;100;0;0;0;0;;Matches
66;Sam Johnstone;eng ENG;GK;Wolves;eng Premier League;33-022;1993;12;12;1,080;12;24;2;62;39;62.9;0;2;10;0;0;1;1;0;0;0;Matches
67;Luiz Lúcio Reis Júnior;br BRA;GK;Villarreal;es La Liga;25-092;2001;28;28;2,520;28;30;1.07;96;72;74;18;3;7;8;28.6;6;5;1;0;16.7;Matches
68;Filip Jørgensen;dk DEN;GK;Chelsea;eng Premier League;24-000;2002;3;2;264;2.9;4;1.36;10;6;60;1;1;0;0;0;0;0;0;0;;Matches
69;Bingourou Kamara;sn SEN;GK;Lorient;fr Ligue 1;29-177;1996;3;3;270;3;8;2.67;16;8;50;1;0;2;1;33.3;1;0;0;1;;Matches
70;Caoimhín Kelleher;ie IRL;GK;Brentford;eng Premier League;27-144;1998;31;31;2,790;31;41;1.32;115;81;67.8;12;8;11;8;25.8;7;4;3;0;42.9;Matches
71;Antonín Kinský;cz CZE;GK;Tottenham Hotspur;eng Premier League;23-034;2003;1;1;90;1;1;1;2;1;50;0;0;1;0;0;0;0;0;0;;Matches
72;Gregor Kobel;ch SUI;GK;Dortmund;de Bundesliga;28-131;1997;29;29;2,610;29;29;1;100;74;74;19;7;3;13;44.8;3;3;0;0;0;Matches
73;Hervé Koffi;bf BFA;GK;Angers;fr Ligue 1;29-182;1996;25;25;2,250;25;28;1.12;118;93;78;9;6;10;10;40;5;2;2;1;50;Matches
74;Philipp Köhn;ch SUI;GK;Monaco;fr Ligue 1;28-014;1998;19;17;1,621;18;27;1.5;73;48;65.8;9;4;4;5;29.4;2;2;0;0;0;Matches
75;Vladyslav Krapyvtsov;ua UKR;GK;Girona;es La Liga;20-295;2005;2;1;136;1.5;6;3.97;9;4;44.4;0;0;1;0;0;1;1;0;0;0;Matches
76;Senne Lammens;be BEL;GK;Manchester Utd;eng Premier League;23-283;2002;26;26;2,340;26;34;1.31;90;60;66.7;13;9;4;5;19.2;4;4;0;0;0;Matches
77;Nicola Leali;it ITA;GK;Genoa;it Serie A;33-058;1993;20;20;1,712;19;26;1.37;79;55;69.6;4;8;8;4;20;2;2;0;0;0;Matches
78;Bernd Leno;de GER;GK;Fulham;eng Premier League;34-043;1992;32;32;2,880;32;46;1.44;123;80;65;13;5;14;6;18.8;4;3;0;1;0;Matches
79;Donovan Léon;gf GUF;GK;Auxerre;fr Ligue 1;33-164;1992;26;26;2,209;24.5;32;1.3;116;86;73.3;5;8;13;8;30.8;2;1;1;0;50;Matches
80;Anthony Lopes;pt POR;GK;Nantes;fr Ligue 1;35-197;1990;27;27;2,428;27;43;1.59;126;86;68.3;4;6;17;6;22.2;3;3;0;0;0;Matches
81;Pau López;es ESP;GK;Real Betis;es La Liga;31-124;1994;9;9;810;9;11;1.22;39;29;71.8;4;2;3;2;22.2;1;0;1;0;100;Matches
82;Andriy Lunin;ua UKR;GK;Real Madrid;es La Liga;27-064;1999;3;3;270;3;5;1.67;11;6;54.5;1;1;1;0;0;0;0;0;0;;Matches
83;Mike Maignan;fr FRA;GK;Milan;it Serie A;30-287;1995;31;31;2,755;30.6;27;0.88;105;85;79;17;9;5;12;38.7;8;5;2;1;28.6;Matches
84;Rados?aw Majecki;pl POL;GK;Brest;fr Ligue 1;26-151;1999;10;10;864;9.6;18;1.87;43;26;60.5;1;4;5;3;30;1;1;0;0;0;Matches
85;Pape Mamadou Sy;sn SEN;GK;Metz;fr Ligue 1;28-349;1997;4;4;346;3.8;7;1.82;27;20;74.1;0;2;2;2;50;0;0;0;0;;Matches
86;Giorgi Mamardashvili;ge GEO;GK;Liverpool;eng Premier League;25-199;2000;7;7;630;7;12;1.71;34;24;67.6;2;0;5;2;28.6;2;1;1;0;50;Matches
87;Emiliano Martínez;ar ARG;GK;Aston Villa;eng Premier League;33-226;1992;27;27;2,385;26.5;29;1.09;104;76;72.1;14;5;8;8;29.6;1;0;1;0;100;Matches
88;Josep Martinez;es ESP;GK;Inter;it Serie A;27-324;1998;2;2;180;2;1;0.5;5;4;80;2;0;0;1;50;0;0;0;0;;Matches
89;Alex Meret;it ITA;GK;Napoli;it Serie A;29-025;1997;9;9;810;9;12;1.33;27;17;63;7;0;2;2;22.2;2;2;0;0;0;Matches
90;Vanja Milinkovi?-Savi?;rs SRB;GK;Napoli;it Serie A;29-055;1997;23;23;2,070;23;19;0.83;52;39;71.2;13;6;4;9;39.1;6;4;2;0;33.3;Matches
91;Lorenzo Montipò;it ITA;GK;Hellas Verona;it Serie A;30-055;1996;29;29;2,610;29;48;1.66;111;66;58.6;3;8;18;4;13.8;4;2;2;0;50;Matches
92;Edoardo Motta;it ITA;GK;Lazio;it Serie A;21-093;2005;5;5;450;5;3;0.6;14;12;78.6;3;1;1;2;40;1;0;1;0;100;Matches
93;Lionel Mpasi;cd COD;GK;Le Havre;fr Ligue 1;31-258;1994;4;3;315;3.5;2;0.57;17;15;88.2;0;2;1;1;33.3;0;0;0;0;;Matches
94;Arijanet Muric;xk KVX;GK;Sassuolo;it Serie A;27-160;1998;31;31;2,790;31;41;1.32;151;116;76.2;12;6;13;6;19.4;6;5;1;0;16.7;Matches
95;Juan Musso;ar ARG;GK;Atlético Madrid;es La Liga;31-345;1994;5;5;450;5;7;1.4;20;15;75;2;0;3;2;40;2;2;0;0;0;Matches
96;Yvon Mvogo;ch SUI;GK;Lorient;fr Ligue 1;31-314;1994;26;26;2,340;26;36;1.38;94;62;66;8;11;7;4;15.4;5;4;0;1;0;Matches
97;Manuel Neuer;de GER;GK;Bayern Munich;de Bundesliga;40-020;1986;21;21;1,800;20;19;0.95;49;31;63.3;18;3;0;7;33.3;1;1;0;0;0;Matches
98;Moritz Nicolas;de GER;GK;Gladbach;de Bundesliga;28-177;1997;29;29;2,610;29;49;1.69;160;115;71.9;7;9;13;10;34.5;4;4;0;0;0;Matches
99;Obed Nkambadio;fr FRA;GK;Paris FC;fr Ligue 1;23-068;2003;11;11;990;11;20;1.82;39;22;53.8;2;3;6;1;9.1;4;2;1;1;33.3;Matches
100;Alexander Nübel;de GER;GK;Stuttgart;de Bundesliga;29-198;1996;29;29;2,610;29;38;1.31;117;86;73.5;17;5;7;11;37.9;8;7;1;0;12.5;Matches
101;Ørjan Nyland;no NOR;GK;Sevilla;es La Liga;35-218;1990;4;4;360;4;7;1.75;15;9;60;1;1;2;1;25;1;1;0;0;0;Matches
102;Jan Oblak;si SVN;GK;Atlético Madrid;es La Liga;33-099;1993;26;26;2,340;26;25;0.96;82;58;70.7;15;6;5;10;38.5;2;1;0;1;0;Matches
103;Maduka Okoye;ng NGA;GK;Udinese;it Serie A;26-231;1999;24;24;2,076;23.1;31;1.34;91;66;71.4;10;4;10;8;33.3;6;5;1;0;16.7;Matches
104;Stefan Ortega;de GER;GK;Nottingham Forest;eng Premier League;33-161;1992;3;3;270;3;4;1.33;12;8;66.7;0;1;2;1;33.3;0;0;0;0;;Matches
105;Berke Özer;tr TUR;GK;Lille;fr Ligue 1;25-326;2000;27;27;2,384;26.5;31;1.17;91;61;67;16;5;6;10;37;2;1;1;0;50;Matches
106;Daniele Padelli;it ITA;GK;Udinese;it Serie A;40-173;1985;2;2;180;2;2;1;4;3;75;0;1;1;0;0;1;1;0;0;0;Matches
107;Alberto Paleari;it ITA;GK;Torino;it Serie A;33-230;1992;23;23;2,070;23;36;1.57;95;61;64.2;9;4;10;8;34.8;2;2;0;0;0;Matches
108;Iñaki Peña;es ESP;GK;Elche;es La Liga;27-045;1999;16;16;1,440;16;28;1.75;81;55;67.9;3;4;9;4;25;2;2;0;0;0;Matches
109;Mike Penders;be BEL;GK;Strasbourg;fr Ligue 1;20-259;2005;27;27;2,430;27;34;1.26;110;80;71.8;11;7;9;8;29.6;4;3;1;0;25;Matches
110;Simone Perilli;it ITA;GK;Hellas Verona;it Serie A;31-099;1995;3;3;270;3;7;2.33;15;8;53.3;0;1;2;1;33.3;0;0;0;0;;Matches
111;Mattia Perin;it ITA;GK;Juventus;it Serie A;33-157;1992;8;8;675;7.5;7;0.93;17;10;58.8;4;2;2;3;37.5;0;0;0;0;;Matches
112;Lucas Perri;br BRA;GK;Leeds United;eng Premier League;28-127;1997;16;16;1,440;16;29;1.81;63;38;60.3;4;6;6;3;18.8;4;4;0;0;0;Matches
113;Massimo Pessina;it ITA;GK;Bologna;it Serie A;18-112;2007;2;1;173;1.9;0;0;2;2;100;1;0;0;2;200;0;0;0;0;;Matches
114;?or?e Petrovi?;rs SRB;GK;Bournemouth;eng Premier League;26-190;1999;32;32;2,880;32;49;1.53;139;96;69.1;10;15;7;9;28.1;6;6;0;0;0;Matches
115;Jordan Pickford;eng ENG;GK;Everton;eng Premier League;32-040;1994;32;32;2,880;32;37;1.16;120;87;71.7;13;8;11;11;34.4;4;3;1;0;25;Matches
116;Oumar Pona;fr FRA;GK;Angers;fr Ligue 1;19-299;2006;2;2;180;2;7;3.5;13;6;46.2;0;0;2;0;0;0;0;0;0;;Matches
117;Nick Pope;eng ENG;GK;Newcastle United;eng Premier League;33-362;1992;22;22;1,966;21.8;32;1.46;97;67;69.1;8;4;10;7;31.8;2;2;0;0;0;Matches
118;Ivan Provedel;it ITA;GK;Lazio;it Serie A;32-030;1994;27;27;2,430;27;27;1;112;87;78.6;8;10;9;12;44.4;4;3;1;0;25;Matches
119;Matheo Raab;de GER;GK;Union Berlin;de Bundesliga;27-119;1998;1;1;90;1;0;0;6;6;100;1;0;0;1;100;0;0;0;0;;Matches
120;Ionu? Radu;ro ROU;GK;Celta Vigo;es La Liga;28-323;1997;31;31;2,790;31;40;1.29;122;87;69.7;11;11;9;8;25.8;8;3;2;3;40;Matches
121;Diant Ramaj;de GER;GK;Heidenheim;de Bundesliga;24-209;2001;28;28;2,520;28;62;2.21;150;93;62;4;7;17;0;0;6;5;0;1;0;Matches
122;Aaron Ramsdale;eng ENG;GK;Newcastle United;eng Premier League;27-337;1998;11;10;914;10.2;15;1.48;35;23;65.7;4;2;4;1;10;3;3;0;0;0;Matches
123;Federico Ravaglia;it ITA;GK;Bologna;it Serie A;26-156;1999;15;14;1,290;14.3;25;1.74;73;50;68.5;4;3;7;2;14.3;2;2;0;0;0;Matches
124;David Raya;es ESP;GK;Arsenal;eng Premier League;30-213;1995;32;32;2,880;32;24;0.75;75;50;68;21;7;4;15;46.9;0;0;0;0;;Matches
125;Álex Remiro;es ESP;GK;Real Sociedad;es La Liga;31-023;1995;31;31;2,790;31;48;1.55;122;79;64.8;11;9;11;3;9.7;5;5;0;0;0;Matches
126;Guillaume Restes;fr FRA;GK;Toulouse;fr Ligue 1;21-036;2005;29;29;2,579;28.7;38;1.33;99;66;66.7;10;7;12;9;31;5;5;0;0;0;Matches
127;Lasse Rieß;de GER;GK;Mainz 05;de Bundesliga;24-263;2001;4;3;292;3.2;12;3.7;26;15;57.7;0;0;3;0;0;1;1;0;0;0;Matches
128;Filippo Rinaldi;it ITA;GK;Parma;it Serie A;23-133;2002;1;1;90;1;0;0;4;4;100;0;1;0;1;100;0;0;0;0;;Matches
129;Robin Risser;fr FRA;GK;Lens;fr Ligue 1;21-135;2004;28;28;2,520;28;27;0.96;93;71;74.2;19;2;7;10;35.7;6;3;2;1;40;Matches
130;Robin Roefs;nl NED;GK;Sunderland;eng Premier League;23-089;2003;29;29;2,610;29;34;1.17;122;91;73.8;10;10;9;9;31;3;2;1;0;33.3;Matches
131;Leo Román;es ESP;GK;Mallorca;es La Liga;25-284;2000;26;26;2,340;26;41;1.58;123;88;70.7;8;5;13;2;7.7;6;5;1;0;16.7;Matches
132;Gerónimo Rulli;ar ARG;GK;Marseille;fr Ligue 1;33-331;1992;25;25;2,250;25;30;1.2;92;66;71.7;13;4;8;7;28;4;4;0;0;0;Matches
133;Mathew Ryan;au AUS;GK;Levante;es La Liga;34-008;1992;29;29;2,610;29;45;1.55;144;103;70.8;7;8;14;6;20.7;4;3;1;0;25;Matches
134;Frederik Rønnow;dk DEN;GK;Union Berlin;de Bundesliga;33-255;1992;28;28;2,520;28;50;1.79;117;71;62.4;7;8;13;5;17.9;6;6;0;0;0;Matches
135;José Sá;pt POR;GK;Wolves;eng Premier League;33-089;1993;20;20;1,800;20;34;1.7;85;53;62.4;3;6;11;4;20;2;2;0;0;0;Matches
136;Matvei Safonov;ru RUS;GK;Paris Saint-Germain;fr Ligue 1;27-050;1999;10;10;900;10;10;1;26;17;61.5;8;0;2;5;50;1;0;1;0;100;Matches
137;Brice Samba;fr FRA;GK;Rennes;fr Ligue 1;31-356;1994;28;28;2,520;28;38;1.36;107;73;67.3;14;8;6;9;32.1;5;3;2;0;40;Matches
138;Robert Sánchez;es ESP;GK;Chelsea;eng Premier League;28-149;1997;30;30;2,614;29;39;1.34;123;84;69.1;12;8;10;9;30;1;1;0;0;0;Matches
139;Kauã Santos;br BRA;GK;Eintracht Frankfurt;de Bundesliga;23-005;2003;13;13;1,084;12;32;2.66;68;37;54.4;3;4;6;2;15.4;1;1;0;0;0;Matches
140;Razvan Sava;ro ROU;GK;Udinese;it Serie A;23-299;2002;7;6;620;6.9;14;2.03;28;14;50;2;2;2;1;16.7;0;0;0;0;;Matches
141;Marvin Schwäbe;de GER;GK;Köln;de Bundesliga;30-356;1995;29;29;2,610;29;50;1.72;126;82;63.5;7;9;13;3;10.3;6;4;2;0;33.3;Matches
142;Simone Scuffet;it ITA;GK;Pisa;it Serie A;29-320;1996;7;7;630;7;15;2.14;26;14;53.8;0;3;4;1;14.3;3;3;0;0;0;Matches
143;Matz Sels;be BEL;GK;Nottingham Forest;eng Premier League;34-049;1992;25;24;2,128;23.6;32;1.35;99;71;71.7;7;8;9;6;25;4;4;0;0;0;Matches
144;Adrian Šemper;hr CRO;GK;Pisa;it Serie A;28-094;1998;19;19;1,710;19;29;1.53;89;61;68.5;1;9;9;4;21.1;1;1;0;0;0;Matches
145;Mathys Silestrie;fr FRA;GK;Rennes;fr Ligue 1;20-212;2005;1;1;90;1;3;3;3;0;0;0;0;1;0;0;0;0;0;0;;Matches
146;Marco Silvestri;it ITA;GK;Cremonese;it Serie A;35-045;1991;4;4;360;4;7;1.75;22;15;68.2;0;3;1;0;0;0;0;0;0;;Matches
147;Unai Simón;es ESP;GK;Athletic Club;es La Liga;28-309;1997;31;31;2,790;31;45;1.45;128;87;67.2;11;5;15;5;16.1;4;3;1;0;25;Matches
148;Antonio Sivera;es ESP;GK;Alavés;es La Liga;29-248;1996;31;31;2,790;31;46;1.48;123;82;66.7;8;9;14;3;9.7;5;5;0;0;0;Matches
149;?ukasz Skorupski;pl POL;GK;Bologna;it Serie A;34-346;1991;17;17;1,412;15.7;15;0.96;43;30;69.8;9;3;5;7;41.2;2;2;0;0;0;Matches
150;Daniele Sommariva;it ITA;GK;Genoa;it Serie A;28-272;1997;2;1;176;2;4;2.05;12;8;66.7;0;0;1;0;0;0;0;0;0;;Matches
151;Yann Sommer;ch SUI;GK;Inter;it Serie A;37-120;1988;30;30;2,700;30;28;0.93;87;61;71.3;22;3;5;14;46.7;3;3;0;0;0;Matches
152;David Soria;es ESP;GK;Getafe;es La Liga;33-012;1993;31;31;2,790;31;32;1.03;124;94;75;12;5;14;9;29;3;1;2;0;66.7;Matches
153;Zion Suzuki;jp JPN;GK;Parma;it Serie A;23-238;2002;15;15;1,350;15;22;1.47;66;46;68.2;1;7;7;3;20;2;1;1;0;50;Matches
154;Mile Svilar;rs SRB;GK;Roma;it Serie A;26-232;1999;32;32;2,880;32;28;0.87;124;97;78.2;18;3;11;14;43.8;1;1;0;0;0;Matches
155;Wojciech Szcz?sny;pl POL;GK;Barcelona;es La Liga;35-363;1990;6;6;540;6;11;1.83;25;16;60;4;0;2;0;0;2;1;1;0;50;Matches
156;Arnau Tenas;es ESP;GK;Villarreal;es La Liga;24-321;2001;3;3;270;3;6;2;11;6;54.5;1;1;1;0;0;1;1;0;0;0;Matches
157;Marc-André ter Stegen;de GER;GK;Girona;es La Liga;33-351;1992;2;2;180;2;2;1;6;4;66.7;0;1;1;0;0;0;0;0;0;;Matches
158;Pietro Terracciano;it ITA;GK;Milan;it Serie A;36-039;1990;2;1;125;1.4;0;0;4;4;100;1;0;0;2;200;0;0;0;0;;Matches
159;James Trafford;eng ENG;GK;Manchester City;eng Premier League;23-188;2002;3;3;270;3;4;1.33;14;11;78.6;1;0;2;1;33.3;1;1;0;0;0;Matches
160;Kevin Trapp;de GER;GK;Paris FC;fr Ligue 1;35-282;1990;18;18;1,620;18;25;1.39;69;48;71;6;8;4;6;33.3;7;5;1;1;16.7;Matches
161;Stefano Turati;it ITA;GK;Sassuolo;it Serie A;24-223;2001;1;1;90;1;2;2;4;2;50;0;0;1;0;0;0;0;0;0;;Matches
162;Sven Ulreich;de GER;GK;Bayern Munich;de Bundesliga;37-256;1988;1;1;90;1;1;1;7;6;85.7;0;1;0;0;0;0;0;0;0;;Matches
163;Jonas Urbig;de GER;GK;Bayern Munich;de Bundesliga;22-251;2003;9;7;720;8;7;0.87;20;14;70;6;0;1;5;71.4;2;1;0;1;0;Matches
164;Hákon Valdimarsson;is ISL;GK;Brentford;eng Premier League;24-185;2001;1;1;90;1;3;3;4;1;25;1;0;0;0;0;0;0;0;0;;Matches
165;Álvaro Vallés;es ESP;GK;Real Betis;es La Liga;28-265;1997;22;22;1,980;22;27;1.23;88;64;71.6;7;11;4;7;31.8;4;2;1;1;33.3;Matches
166;Maarten Vandevoordt;be BEL;GK;RB Leipzig;de Bundesliga;24-049;2002;8;7;692;7.7;8;1.04;28;21;71.4;5;1;1;2;28.6;1;0;1;0;100;Matches
167;Nikola Vasilj;ba BIH;GK;St Pauli;de Bundesliga;30-135;1995;29;29;2,610;29;50;1.72;152;106;68.4;6;7;16;5;17.2;4;2;2;0;50;Matches
168;Bart Verbruggen;nl NED;GK;Brighton;eng Premier League;23-241;2002;32;32;2,880;32;37;1.16;121;88;73.6;12;10;10;8;25;6;5;1;0;16.7;Matches
169;Guglielmo Vicario;it ITA;GK;Tottenham Hotspur;eng Premier League;29-191;1996;31;31;2,790;31;50;1.61;131;83;63.4;7;9;15;7;22.6;2;2;0;0;0;Matches
170;Odysseas Vlachodimos;gr GRE;GK;Sevilla;es La Liga;31-355;1994;27;27;2,430;27;44;1.63;111;76;67.6;8;6;13;4;14.8;10;8;1;1;11.1;Matches
171;Robin Zentner;de GER;GK;Mainz 05;de Bundesliga;31-170;1994;9;9;786;8.7;11;1.26;36;25;69.4;1;3;5;0;0;0;0;0;0;;Matches
172;Michael Zetterer;de GER;GK;Eintracht Frankfurt;de Bundesliga;30-278;1995;17;16;1,526;17;22;1.3;63;43;68.3;8;5;3;6;37.5;2;2;0;0;0;Matches
173;Melvin Zinga;fr FRA;GK;Angers;fr Ligue 1;24-031;2002;2;2;180;2;4;2;11;7;63.6;0;0;2;0;0;0;0;0;0;;Matches
