jugador,nacionalidad,posicion,sub_posición,partidos_jugados,partidos_titular,minutos_disputados,partidos_completos
Julen Agirrezabala,es ESP,Porteros,Portero,18,18,1620,18
Marc Aguado,es ESP,Mediocampistas,Medio_centro_defensivo,28,23,1933,"21,5"
Carles Aleñá,es ESP,Mediocampistas,Medio_centro_ofensivo,29,22,1806,"20,1"
Marcos Alonso,es ESP,Defensas,Defensa_central,24,23,2063,"22,9"
Carlos Álvarez,es ESP,Mediocampistas,Medio_centro_ofensivo,26,22,1786,"19,8"
Jesús Areso,es ESP,Defensas,Lateral_derecho,23,13,1391,"15,5"
Raúl Asencio,es ESP,Defensas,Defensa_central,19,14,1348,15
Alex Baena,es ESP,Mediocampistas,Extremo_izquierdo,20,14,1071,"11,9"
Alejandro Balde,es ESP,Defensas,Lateral_izquierdo,21,18,1513,"16,8"
Ander Barrenetxea,es ESP,Mediocampistas,Extremo_izquierdo,23,16,1362,"15,1"
Pablo Barrios,es ESP,Mediocampistas,Medio_centro_defensivo,21,19,1575,"17,5"
Marc Bartra,es ESP,Defensas,Defensa_central,22,18,1767,"19,6"
Héctor Bellerín,es ESP,Defensas,Lateral_derecho,18,13,1216,"13,5"
Yuri Berchiche,es ESP,Defensas,Lateral_izquierdo,25,24,2113,"23,5"
Álex Berenguer,es ESP,Mediocampistas,Extremo_izquierdo,24,21,1757,"19,5"
Adrian Bernabe,es ESP,Mediocampistas,Medio_centro_defensivo,27,26,2109,"23,4"
Pedro Bigas,es ESP,Defensas,Defensa_central,21,19,1566,"17,4"
Antonio Blanco,es ESP,Mediocampistas,Medio_centro_defensivo,27,27,2316,"25,7"
Abel Bretones,es ESP,Defensas,Lateral_izquierdo,22,15,1417,"15,7"
Hugo Bueno,es ESP,Defensas,Lateral_izquierdo,28,21,1952,"21,7"
Fernando Calero,es ESP,Defensas,Defensa_central,21,18,1594,"17,7"
Sergi Cardona,es ESP,Defensas,Lateral_izquierdo,23,16,1544,"17,2"
José Angel Carmona,es ESP,Defensas,Lateral_derecho,27,22,2002,"22,2"
Sergio Carreira,es ESP,Defensas,Lateral_derecho,25,21,1951,"21,7"
Álvaro Carreras,es ESP,Defensas,Lateral_izquierdo,24,22,1972,"21,9"
Jonny Castro,es ESP,Defensas,Defensa_central,28,28,2454,"27,3"
Alejandro Catena,es ESP,Defensas,Defensa_central,27,27,2351,"26,1"
Pep Chavarría,es ESP,Defensas,Lateral_izquierdo,25,23,2105,"23,4"
Víctor Chust,es ESP,Defensas,Defensa_central,23,19,1792,"19,9"
Santi Comesaña,es ESP,Mediocampistas,Medio_centro_defensivo,27,22,1889,21
José Copete,es ESP,Defensas,Defensa_central,21,19,1759,"19,5"
David Costas,es ESP,Defensas,Defensa_central,19,18,1610,"17,9"
Pau Cubarsí,es ESP,Defensas,Defensa_central,24,24,2102,"23,4"
Marc Cucurella,es ESP,Defensas,Lateral_izquierdo,27,24,2077,"23,1"
Sergi Darder,es ESP,Mediocampistas,Medio_centro_defensivo,29,21,1917,"21,3"
Pedro Díaz,es ESP,Mediocampistas,Medio_centro_defensivo,26,16,1386,"15,4"
Pablo Durán,es ESP,Delanteros,Delantero_centro,22,12,1064,"11,8"
Hugo Duro,es ESP,Delanteros,Delantero_centro,28,17,1555,"17,3"
Aarón Escandell,es ESP,Porteros,Portero,29,29,2610,29
Edu Expósito,es ESP,Mediocampistas,Medio_centro_defensivo,27,23,1812,"20,1"
Aleix Febas,es ESP,Mediocampistas,Medio_centro_ofensivo,28,28,2485,"27,6"
Kiko Femenía,es ESP,Defensas,Lateral_derecho,24,22,1754,"19,5"
Roberto Férnandez,es ESP,Delanteros,Delantero_centro,29,19,1851,"20,6"
Pablo Fornals,es ESP,Mediocampistas,Medio_centro_ofensivo,29,26,2253,25
Jorge de Frutos,es ESP,Delanteros,Delantero_centro,27,26,1912,"21,2"
Iñigo Ruiz de Galarreta,es ESP,Mediocampistas,Medio_centro_defensivo,26,24,1707,19
Aleix García,es ESP,Mediocampistas,Medio_centro_defensivo,27,25,2185,"24,3"
Álvaro García,es ESP,Mediocampistas,Extremo_izquierdo,29,20,1897,"21,1"
Eric García,es ESP,Defensas,Defensa_central,27,25,2170,"24,1"
Joan García,es ESP,Porteros,Portero,23,23,2070,23
Rubén García,es ESP,Mediocampistas,Extremo_derecho,26,20,1625,"18,1"
David de Gea,es ESP,Porteros,Portero,30,30,2700,30
Bryan Gil,es ESP,Mediocampistas,Extremo_izquierdo,23,17,1349,15
Mario Gila,es ESP,Defensas,Defensa_central,27,27,2222,"24,7"
Sergio Gómez,es ESP,Defensas,Lateral_izquierdo,27,23,2062,"22,9"
Nicolás González,es ESP,Mediocampistas,Medio_centro_defensivo,21,15,1376,"15,3"
Urko González,es ESP,Mediocampistas,Medio_centro_defensivo,27,20,1910,"21,2"
Jon Gorrotxategi,es ESP,Mediocampistas,Medio_centro_defensivo,25,22,1908,"21,2"
Álex Grimaldo,es ESP,Defensas,Lateral_izquierdo,22,22,1891,21
Javier Guerra,es ESP,Mediocampistas,Medio_centro_defensivo,28,18,1493,"16,6"
Gorka Guruzeta,es ESP,Delanteros,Delantero_centro,26,20,1686,"18,7"
Mario Hermoso,es ESP,Defensas,Defensa_central,19,17,1451,"16,1"
Jorge Herrando,es ESP,Defensas,Defensa_central,24,14,1399,"15,5"
Sergio Herrera,es ESP,Porteros,Portero,29,29,2610,29
Dean Huijsen,es ESP,Defensas,Defensa_central,21,19,1586,"17,6"
Pablo Ibáñez,es ESP,Mediocampistas,Medio_centro_defensivo,28,22,1740,"19,3"
Juan Antonio Iglesias,es ESP,Defensas,Lateral_derecho,28,27,2380,"26,4"
Borja Iglesias,es ESP,Delanteros,Delantero_centro,26,17,1505,"16,7"
Mikel Jauregizar,es ESP,Mediocampistas,Medio_centro_ofensivo,28,27,2272,"25,2"
Álex Jiménez,es ESP,Defensas,Lateral_derecho,27,22,1958,"21,8"
Mateo Joseph,es ESP,Delanteros,Delantero_centro,28,19,1678,"18,6"
Ferran Jutglà,es ESP,Delanteros,Delantero_centro,21,16,1175,"13,1"
Kiké,es ESP,Delanteros,Delantero_centro,28,13,1337,"14,9"
Koke,es ESP,Mediocampistas,Medio_centro_defensivo,27,18,1725,"19,2"
Adrián de la Fuente,es ESP,Defensas,Defensa_central,25,22,2006,"22,3"
Aymeric Laporte,es ESP,Defensas,Defensa_central,18,17,1489,"16,5"
Robin Le Normand,es ESP,Defensas,Defensa_central,21,13,1333,"14,8"
Adrián Liso,es ESP,Delanteros,Delantero_centro,23,17,1423,"15,8"
Marcos Llorente,es ESP,Defensas,Lateral_derecho,25,21,1861,"20,7"
Diego López,es ESP,Mediocampistas,Extremo_derecho,26,15,1331,"14,8"
Fermin López,es ESP,Mediocampistas,Medio_centro_ofensivo,23,13,1321,"14,7"
Javi López,es ESP,Defensas,Lateral_izquierdo,17,14,1175,"13,1"
Unai López,es ESP,Mediocampistas,Medio_centro_ofensivo,21,15,1211,"13,5"
Pol Lozano,es ESP,Mediocampistas,Medio_centro_defensivo,26,23,1788,"19,9"
José Luis Gayà,es ESP,Defensas,Lateral_izquierdo,25,24,1893,21
Pablo Maffeo,es ESP,Defensas,Lateral_derecho,23,22,1958,"21,8"
Pablo Marín,es ESP,Mediocampistas,Medio_centro_ofensivo,25,12,1101,"12,2"
Rafa Marín,es ESP,Defensas,Defensa_central,18,17,1574,"17,5"
Aarón Martín,es ESP,Defensas,Lateral_izquierdo,26,22,1805,"20,1"
Gerard Martín,es ESP,Defensas,Defensa_central,24,18,1444,16
Iván Martín,es ESP,Mediocampistas,Medio_centro_ofensivo,27,22,1937,"21,5"
Jon Martin,es ESP,Defensas,Defensa_central,18,18,1620,18
Mario Martín,es ESP,Mediocampistas,Medio_centro_defensivo,27,20,1601,"17,8"
Arnau Martinez,es ESP,Defensas,Lateral_derecho,26,24,1936,"21,5"
Pablo Martínez,es ESP,Mediocampistas,Medio_centro_ofensivo,18,13,1202,"13,4"
Toni Martínez,es ESP,Delanteros,Delantero_centro,28,23,1947,"21,6"
Brais Méndez,es ESP,Mediocampistas,Medio_centro_ofensivo,25,18,1469,"16,3"
Luis Milla,es ESP,Mediocampistas,Medio_centro_defensivo,28,28,2473,"27,5"
Pere Milla,es ESP,Mediocampistas,Extremo_izquierdo,26,21,1630,"18,1"
Óscar Mingueza,es ESP,Defensas,Lateral_derecho,25,18,1570,"17,4"
Rafa Mir,es ESP,Delanteros,Delantero_centro,24,18,1602,"17,8"
Juan Miranda,es ESP,Defensas,Lateral_izquierdo,24,21,1898,"21,1"
Alberto Moleiro,es ESP,Mediocampistas,Extremo_izquierdo,28,24,1891,21
Jon Moncayola,es ESP,Mediocampistas,Medio_centro_defensivo,27,26,2262,"25,1"
Álex Moreno,es ESP,Defensas,Lateral_izquierdo,23,20,1869,"20,8"
Manu Morlanes,es ESP,Mediocampistas,Medio_centro_defensivo,23,14,1128,"12,5"
Víctor Muñoz,es ESP,Mediocampistas,Extremo_izquierdo,29,27,2266,"25,2"
Pau Navarro,es ESP,Defensas,Lateral_derecho,17,17,1436,16
Álvaro Núñez,es ESP,Defensas,Lateral_derecho,19,19,1647,"18,3"
Unai Núñez,es ESP,Defensas,Defensa_central,17,15,1265,"14,1"
Dani Olmo,es ESP,Mediocampistas,Medio_centro_ofensivo,24,17,1507,"16,7"
Aimar Oroz,es ESP,Mediocampistas,Medio_centro_ofensivo,22,19,1623,18
Mikel Oyarzabal,es ESP,Delanteros,Delantero_centro,26,25,2177,"24,2"
Jon Pacheco,es ESP,Defensas,Defensa_central,21,20,1725,"19,2"
Isaac Palazón Camacho,es ESP,Delanteros,Delantero_centro,28,24,2026,"22,5"
Victor Parada,es ESP,Defensas,Lateral_izquierdo,21,16,1415,"15,7"
Aitor Paredes,es ESP,Defensas,Defensa_central,17,16,1450,"16,1"
Daniel Parejo,es ESP,Mediocampistas,Medio_centro_defensivo,24,12,1051,"11,7"
Alfonso Pedraza,es ESP,Defensas,Lateral_izquierdo,22,14,1305,"14,5"
Pedri,es ESP,Mediocampistas,Medio_centro_defensivo,21,16,1451,"16,1"
Iñaki Peña,es ESP,Porteros,Portero,16,16,1440,16
Yeremi Pino,es ESP,Mediocampistas,Extremo_derecho,27,21,1721,"19,1"
Pedro Porro,es ESP,Defensas,Lateral_derecho,27,25,2166,"24,1"
Antonio Raillo,es ESP,Defensas,Defensa_central,23,23,2032,"22,6"
Jacobo Ramón,es ESP,Defensas,Defensa_central,26,25,2247,25
David Raya,es ESP,Porteros,Portero,31,31,2790,31
Alberto Reina,es ESP,Mediocampistas,Medio_centro_ofensivo,28,22,1707,19
Álex Remiro,es ESP,Porteros,Portero,29,29,2610,29
Oriol Rey,es ESP,Mediocampistas,Medio_centro_defensivo,17,12,1126,"12,5"
Diego Rico,es ESP,Defensas,Defensa_central,25,18,1693,"18,8"
Hugo Rincón,es ESP,Defensas,Lateral_derecho,26,16,1624,18
Luis Rioja,es ESP,Mediocampistas,Extremo_derecho,28,23,1953,"21,7"
Marc Roca,es ESP,Mediocampistas,Medio_centro_defensivo,23,20,1671,"18,6"
Rodri,es ESP,Mediocampistas,Medio_centro_defensivo,18,14,1244,"13,8"
Javi Rodríguez,es ESP,Defensas,Defensa_central,25,20,1883,"20,9"
Jesus Rodríguez,es ESP,Mediocampistas,Extremo_izquierdo,26,16,1543,"17,1"
Leo Román,es ESP,Porteros,Portero,24,24,2160,24
Miguel Román,es ESP,Mediocampistas,Medio_centro_defensivo,19,14,1311,"14,6"
Carlos Romero,es ESP,Defensas,Lateral_izquierdo,27,27,2397,"26,6"
Isaac Romero,es ESP,Delanteros,Delantero_centro,21,12,1073,"11,9"
Iván Romero,es ESP,Delanteros,Delantero_centro,25,23,1831,"20,3"
Aitor Ruibal,es ESP,Mediocampistas,Extremo_derecho,23,17,1510,"16,8"
Kike Salas,es ESP,Defensas,Defensa_central,17,15,1393,"15,5"
Oihan Sancet,es ESP,Mediocampistas,Medio_centro_ofensivo,22,19,1490,"16,6"
Juanlu Sánchez,es ESP,Defensas,Lateral_derecho,24,20,1644,"18,3"
Manu Sánchez,es ESP,Defensas,Lateral_izquierdo,25,24,2173,"24,1"
Robert Sánchez,es ESP,Porteros,Portero,29,29,2524,28
Unai Simón,es ESP,Porteros,Portero,29,29,2610,29
Antonio Sivera,es ESP,Porteros,Portero,29,29,2610,29
Carlos Soler,es ESP,Mediocampistas,Medio_centro_ofensivo,24,18,1604,"17,8"
David Soria,es ESP,Porteros,Portero,29,29,2610,29
Hugo Sotelo,es ESP,Mediocampistas,Medio_centro_defensivo,16,13,1088,"12,1"
César Tárrega,es ESP,Defensas,Defensa_central,23,20,1788,"19,9"
Ferrán Torres,es ESP,Delanteros,Delantero_centro,26,19,1559,"17,3"
Pau Torres,es ESP,Defensas,Defensa_central,17,15,1388,"15,4"
Lucas Torró,es ESP,Mediocampistas,Medio_centro_defensivo,26,25,1838,"20,4"
Óscar Valentín,es ESP,Mediocampistas,Medio_centro_defensivo,25,19,1623,18
Germán Valera,es ESP,Mediocampistas,Extremo_izquierdo,28,26,2218,"24,6"
Álex Valle,es ESP,Defensas,Lateral_izquierdo,23,18,1653,"18,4"
Álvaro Vallés,es ESP,Porteros,Portero,20,20,1800,20
José Luis García Vayá,es ESP,Mediocampistas,Medio_centro_defensivo,23,20,1703,"18,9"
Nacho Vidal,es ESP,Defensas,Lateral_derecho,20,19,1579,"17,5"
Jan Virgili,es ESP,Mediocampistas,Extremo_izquierdo,22,17,1445,"16,1"
Daniel Vivian,es ESP,Defensas,Defensa_central,24,23,2098,"23,3"
Nico Williams,es ESP,Mediocampistas,Extremo_izquierdo,19,15,1308,"14,5"
Lamine Yamal,es ESP,Mediocampistas,Extremo_derecho,25,23,2038,"22,6"
Bryan Zaragoza,es ESP,Delanteros,Delantero_centro,19,13,1131,"12,6"
Igor Zubeldia,es ESP,Defensas,Defensa_central,22,21,1898,"21,1"
Martín Zubimendi,es ESP,Mediocampistas,Medio_centro_defensivo,31,30,2596,"28,8"
